Release Type,Name,Domestic Title,Overseas Title,Product No.,Date,Hardware Designation,Company Code,Disc Type,Version,I/O Devices,Region
Redump,3 Ninjas Kick Back (USA),3 NINJAS KICK BACK,3 NINJAS KICK BACK,T-93175,1994.DEC,SEGA GENESIS,(C)T-93,GM,0,J,U
Redump,"Adventures of Batman and Robin, The (Europe)",ADVENTURES OF BA,ADVENTURES OF BA,MK-4432,1995.OCT,SEGA MEGADRIVE,(C)SEGA,GM,50,J,E
Redump,"Adventures of Batman and Robin, The (USA)",ADVENTURES OF BA,ADVENTURES OF BA,MK-4432,1995.JUL,SEGA GENESIS,(C)SEGA,GM,0,J,U
Redump,"Adventures of Willy Beamish, The (USA)",WILLY BEAMISH,WILLY BEAMISH,T-6300,1992.DEC,SEGA GENESIS,(C)T-32,GM,1,J,U
Redump,"Adventures of Willy Beamish, The (USA) (Alt)",WILLY BEAMISH,WILLY BEAMISH,T-6300,1992.DEC,SEGA GENESIS,(C)T-32,GM,1,J,U
Redump,After Armageddon Gaiden - Majuu Toushouden Eclipse (Japan),AFTER ARMAGEDDON,,G-6026,1994.SEP,SEGA MEGA DRIVE,(C)SEGA,GM,0,J,J
Redump,After Burner III (Europe),AFTER BURNER III BY CRI,AFTER BURNER III BY CRI,MK-4415,1993.APR,SEGA MEGA DRIVE,(C)T-68,GM,0,J6,E
Redump,After Burner III (Japan),AFTER BURNER III BY CRI,AFTER BURNER III BY CRI,T-68014,1992.NOV,SEGA MEGA DRIVE,(C)T-68,GM,0,JA,J
Redump,After Burner III (USA),AFTER BURNER III BY CRI,AFTER BURNER III BY CRI,MK-4415,1993.APR,SEGA CD,(C)T-68,GM,0,J6,U
Redump,AH3 - Thunderstrike (USA),AH3-THUNDERSTRIKE,AH3-THUNDERSTRIKE,T-60055,1993.SEP,SEGA GENESIS,(C)T-60,GM,0,J,U
Redump,Aisle Lord (Japan),アイル・ロード,AISLE･LORD,T-32044,1992.MAR,SEGA MEGA DRIVE,(C)T-32,GM,1,J,J
Redump,Alshark (Japan),ALSHARK,ALSHARK,T-92014,1993.SEP,SEGA MEGA DRIVE,(C)T-92,GM,0,J,J
Redump,"Amazing Spider-Man vs. The Kingpin, The (Europe)",SPIDERMAN VS THE KINGPIN CD,SPIDERMAN VS THE KINGPIN CD,MK-4412,1993.NOV,SEGA MEGA DRIVE,(C)SEGA,GM,0,J,E
Redump,"Amazing Spider-Man vs. The Kingpin, The (USA)",SPIDERMAN VS THE KINGPIN CD,SPIDERMAN VS THE KINGPIN CD,MK-4412,1993.AUG,SEGA GENESIS,(C)SEGA,GM,0,J,U
Redump,"Amazing Spider-Man vs. The Kingpin, The (USA) (Rev 1)",SPIDERMAN VS THE KINGPIN CD,SPIDERMAN VS THE KINGPIN CD,MK-4412,1993.NOV,SEGA GENESIS,(C)SEGA,GM,1,J,U
Redump,Android Assault - The Revenge of Bari-Arm (USA),BARI_ARM,BARI_ARM,T-163015,1994AUG,SEGA GENESIS,(C)T-163,GM,0,J,U
Redump,Annett Futatabi (Japan),ANNET,ANNET,T-32104,1993.FEB,SEGA MEGA DRIVE,(C)T-32,GM,0,J,J
Redump,Aoki Ookami to Shiroki Mejika - Genchou Hishi (Japan),蒼き狼と白き牝鹿・元朝秘史,Ghenghis Khan 2,T-76054,1993.AUG,SEGA MEGA DRIVE,(C)T-76,GM,0,J,J
Redump,A-Rank Thunder - Tanjou-hen (Japan),Ａランクサンダー,A-Rank Thunder,T-49064,1993.nnn,SEGA MEGA DRIVE,(C)T-49,GM,0,J,J
Redump,"Arcus I, II, III (Japan)",/WOLF TEAM 1993.MAY,,T-32094,ET JAPAN,SEGA MEGA DRIVE,(C)TELEN,GM,0,J,J
Redump,Arslan Senki (Japan),THE_HEROIC_REGEND_OF_ARSLAN,,G-6028,1993.AUG,SEGA MEGA DRIVE,(C)SEGA,GM,0,J,J
Redump,AX-101 (Japan),AX-101,AX-101,G-6031,1994.MAR,SEGA MEGA DRIVE,(C)SEGA,GM,0,J,J
Redump,A-X-101 (USA) (RE),AX-101,A/X-101,T-86015,1994.SEP,SEGA GENESIS,(C)T-86,GM,0,J,U
Redump,Bakuden - The Unbalanced Zone (Japan),爆伝−アンバランスゾーン,,T-145014,1994.APR,SEGA MEGA DRIVE,(C)T-SR,GM,0,J,J
Redump,Bari-Arm (Japan),BARI_ARM,BARI_ARM,T-43024,1993.AUG,SEGA MEGA DRIVE,(C)T-43,GM,0,J,J
Redump,Batman Returns (Europe),BATMAN RETURNS,BATMAN RETURNS,MK-4401,1993.APR,SEGA MEGA DRIVE,(C)SEGA,GM,0,J,E
Redump,Batman Returns (Europe) (Alt),BATMAN RETURNS,BATMAN RETURNS,MK-4401,1993.APR,SEGA MEGA DRIVE,(C)SEGA,GM,0,J,E
Redump,Batman Returns (USA),BATMAN RETURNS,BATMAN RETURNS,MK-4401,1993.APR,SEGA GENESIS,(C)SEGA,GM,0,J,U
Redump,Batman Returns (USA) (Alt),BATMAN RETURNS,BATMAN RETURNS,MK-4401,1993.APR,SEGA GENESIS,(C)SEGA,GM,0,J,U
Redump,Battle Fantasy (Japan) (Rev A),BATTLE FANTASY,BATTLE FANTASY,T-22044,1994.JAN,SEGA MEGA DRIVE,(C)T-22,GM,0,J,J
Redump,Battle Frenzy (USA) (Unl),BATTLE FRENZY (C) 1994 DOMARK,BATTLE FRENZY (C) 1994 DOMARK,T-88035,1995.MAR,SEGA GENESIS,(C)T-88,GM,0,J6,UE
Redump,"Battlecorps (Europe) (En,Fr,De,Es)",JAGUAR XJ220,JAGUAR XJ220,MK-4602,1993.SEP,SEGA MEGA DRIVE,(C)T-60,GM,0,J6,E
Redump,Battlecorps (Japan),BATTLECORPS,BATTLECORPS,T-60194,1994.SEP,SEGA MEGA DRIVE,(C)T-60,GM,0,J6,J
Redump,Battlecorps (USA),BATTLECORPS,BATTLECORPS,T-115045,1994.SEP,SEGA GENESIS,(C)T-115,GM,,J6,U
Redump,"BC Racers (Europe) (En,Fr,De)",BCRACERS,BCRACERS,T-115075,1994.NOV,SEGA MEGA DRIVE,(C)T-115,GM,0,J6,E
Redump,BC Racers (USA),BCRACERS,BCRACERS,T-115075,1994.NOV,SEGA GENESIS,(C)T-115,GM,0,J6,U
Redump,Beast II (Europe),SHADOW OF THE BEAST TWO,SHADOW OF THE BEAST TWO,T-113045,1994.JUL,SEGA MEGA DRIVE,(C)T-113,GM,0,J,E
Redump,Bill Walsh College Football (Europe),BILL WALSH COLLEGE FOOTBALL,BILL WALSH COLLEGE FOOTBALL,T-50025,1993.OCT,SEGA MEGA DRIVE,(C)T-50,GM,0,J,E
Redump,Bill Walsh College Football (USA),BILL WALSH COLLEGE FOOTBALL,BILL WALSH COLLEGE FOOTBALL,T-50025,1993.OCT,SEGA GENESIS,(C)T-50,GM,0,J,U
Redump,Black Hole Assault (Japan),BLACKHOLE ASSAULT,BLACKHOLE ASSAULT,T-22024,1992.SEP,SEGA MEGA DRIVE,(C)T-22,GM,0,J,J
Redump,Blackhole Assault (Europe),BLACKHOLE ASSAULT,BLACKHOLE ASSAULT,T-6400,1992.OCT,SEGA MEGA DRIVE,(C)T-22,GM,,J,U
Redump,Blackhole Assault (USA),BLACKHOLE ASSAULT,BLACKHOLE ASSAULT,T-6400,1992.OCT,SEGA MEGA DRIVE,(C)T-22,GM,,J,U
Redump,Blackhole Assault (USA) (Alt),BLACKHOLE ASSAULT,BLACKHOLE ASSAULT,T-6401,1992.OCT,SEGA MEGA DRIVE,(C)T-22,GM,,J,U
Redump,"Bloodshot (Europe) (En,Fr,De,Es)",BLOODSHOT (C) 1994 DOMARK SOFT,BLOODSHOT (C) 1994 DOMARK SOFT,T-88045,1995.MAR,SEGA MEGADRIVE,(C)T-88,GM,50,J6,UE
Redump,Bouncers (USA),BOUNCERS,BOUNCERS,MK-4908,1994.OCT,SEGA GENESIS,(C)T-110,GM,0,J4,U
Redump,Bram Stoker's Dracula (USA),BRAM STOKERS DRACULA,BRAM STOKERS DRACULA,T-60064,1992.FEB,SEGA MEGA DRIVE,(C)SEGA,GM,0,J,JUE
Redump,Bram Stoker's Dracula (USA) (Alt 1),BRAM STOKERS DRACULA,BRAM STOKERS DRACULA,T-60064,1992.FEB,SEGA MEGA DRIVE,(C)SEGA,GM,0,J,JUE
Redump,Bram Stoker's Dracula (USA) (Alt 2),BRAM STOKERS DRACULA,BRAM STOKERS DRACULA,T-60064,1992.FEB,SEGA MEGA DRIVE,(C)SEGA,GM,0,J,JUE
Redump,Bram Stoker's Dracula (USA) (Version 2.0),BRAM STOKERS DRACULA,BRAM STOKERS DRACULA,T-93065,.APR,SEGA GENESIS,T-931994,GM,0,J,U
Redump,"Brutal - Paws of Fury (Europe) (En,Fr,De)",BRUTAL PAWS OF FURY,BRUTAL PAWS OF FURY,T-83015,1994.OCT,SEGA MEGADRIVE,(C)T-83,GM,50,6,E
Redump,Brutal - Paws of Fury (USA),BRUTAL PAWS OF FURY,BRUTAL PAWS OF FURY,T-83015,1994.JUL,SEGA GENESIS,(C)T-83,GM,0,J,U
Redump,Bug Blasters - The Exterminators (USA) (Unl) (Rerelease),EXTERMINATORS,EXTERMINATORS,MK-4439,1994.DEC,SEGA GENESIS,(C)SEGA,GM,0,J,U
Redump,Burai - Yatsudama no Yuushi Densetsu (Japan),BURAI MEGA-CD  BY SEGA,BURAI MEGA-CD  BY SEGA,G-6004-0,1992.JUL,SEGA MEGA DRIVE,(C)SEGA,GM,,J,J
Redump,Burning Fists - Force Striker (USA) (Unl),BURNING  FISTS,Burning  Fists,T-60064,1993.OCT,SEGA MEGA DRIVE,(C)SEGA,GM,0,J,J
Redump,"Cadillacs and Dinosaurs - The Second Cataclysm (USA, Brazil) (RE)",CADILLACS & DINOSAURS - THE SE,CADILLACS & DINOSAURS - THE SE,T-153035,94.NOV,SEGA GENESIS,(C)T-153,GM,0,J,U
Redump,Captain Tsubasa (Japan),SEGA MEGA CD    キャプテン翼,CAPTAIN TSUBASA,T-36014,1994.SEP,SEGA MEGA DRIVE,(C)T-36,GM,0,J,J
Redump,"Championship Soccer '94 (USA) (En,Fr,De,It)",CHAMPIONSHIP SOCCER 94,SENSIBLE SOCCER INTERNATIONAL,T-93185,1994.JUL,SEGA GENESIS,(C)T-93,GM,0,J,U
Redump,Chuck Rock (Europe),CHUCK ROCK,CHUCK ROCK,T-93045,1993.APR,SEGA MEGA DRIVE,(C)T-98,GM,0,J,E
Redump,Chuck Rock (USA),CHUCK ROCK,CHUCK ROCK,T-06204,1992.DEC,SEGA GENESIS,(C)T-98,GM,56,J,U
Redump,Chuck Rock II - Son of Chuck (Europe),CHUCKROCK2,CHUCKROCK2,T-115025,1993.SEP,SEGA MEGA DRIVE,(C)T-60,GM,0,J,E
Redump,Chuck Rock II - Son of Chuck (USA),CHUCK_ROCK_2,CHUCK_ROCK_2,T-70045,1993.JAN,SEGA GENESIS,(C)T-07,GM,0,J,U
Redump,Cliffhanger (USA),CLIFFHANGER,CLIFFHANGER,T-93075,1993.NOV,SEGA GENESIS,(C)T-93,GM,1,J,U
Redump,Cobra Command (Europe),THUNDER STORM,COBRA COMMAND,MK-4402,1992.OCT,SEGA MEGA DRIVE,(C)T-32,GM,0,J,E
Redump,Cobra Command (USA),THUNDER STORM,COBRA COMMAND,MK-4402,1992.OCT,SEGA MEGA DRIVE,(C)T-32,GM,,J,U
Redump,"Colors of Modern Rock, The (USA)",VIRTUAL VCR -- THE COLORS OF M,VIRTUAL VCR -- THE COLORS OF M,WCM-9302,1993.MAR,SEGA GENESIS,(C)SEGA,GM,0,J,U
Redump,Compton's Interactive Encyclopedia (USA) (Version 2.00S),SEGA CD SAMPLE APP. WRITTEN BY,SEGA CD SAMPLE APP. WRITTEN BY,MK-xxxx,1993.MAY,SEGA GENESIS,(C)SEGA,GM,0,J,U
Redump,Compton's Interactive Encyclopedia (USA) (Version 2.01R),COMPTONS INTERACTIVE ENCYCLOPE,COMPTONS INTERACTIVE ENCYCLOPE,T-118025,1994.OCT,SEGA GENESIS,(C)T-118,GM,0,J,U
Redump,Compton's Interactive Encyclopedia (USA) (Version 2.01S),COMPTONS INTERACTIVE ENCYCLOPE,COMPTONS INTERACTIVE ENCYCLOPE,T-118015,1994.MAY,SEGA GENESIS,(C)T-188,GM,-,J,U
Redump,Compton's Interactive Encyclopedia (USA) (Version 2.10) (RE2),COMPTONS INTERACTIVE ENCYCLOPE,COMPTONS INTERACTIVE ENCYCLOPE,T-118015,1994.SEP,SEGA GENESIS,(C)T-188,GM,1,J,U
Redump,Corpse Killer (Europe),CORPSE KILLER,CORPSE KILLER,T-162055,1995.FEB,SEGA MEGA DRIVE,(C)T-162,GM,50,JG,8
Redump,Corpse Killer (Europe) (Mega-CD 32X),CORPSE KILLER 32X,CORPSE KILLER 32X,T-16201F,1995.FEB,SEGA 32X,(C)SEGA,GM,50,JG,8
Redump,Corpse Killer (USA),CORPSE KILLER,CORPSE KILLER,T-162055,1994.NOV,SEGA GENESIS,(C)T-162,GM,0,JG,U
Redump,Corpse Killer (USA) (Sega CD 32X),CORPSE KILLER 32X,CORPSE KILLER 32X,T-16201F,1994.DEC,SEGA 32X,(C)T-162,GM,0,JG,U
Redump,Cosmic Fantasy Stories (Japan),COSMIC FANTASY  STORIES,Cosmic Fantasy Stories,T-49014,1992.FEB,SEGA MEGA DRIVE,(C)T-49,GM,0,J,J
Redump,Crime Patrol (USA),CRIME PATROL,CRIME PATROL,T-111055,1994.DEC,SEGA GENESIS,(C)T-111,GM,0,JMG,U
Redump,Cyborg 009 (Japan),CYBORG 009,CYBORG 009,T-49054,1992.MAR,SEGA MEGA DRIVE,(C)T-49,GM,0,J,J
Redump,Daihoushinden (Japan),DAIHOSINDEN,DAIHOSINDEN,T-60024,1994.DEC,SEGA MEGA DRIVE,(C)T-60,GM,0,J,J
Redump,Dark Wizard - Yomigaerishi Yami no Madoushi (Japan),DARK WIZARD,DARK WIZARD,G-6005,1993.SEP,SEGA MEGA DRIVE,(C)SEGA,GM,0,J,J
Redump,Dark Wizard (USA),DARK WIZARD        9/3-1994,DARK WIZARD,MK-4651,1994.MAR,SEGA GENESIS,(C)SEGA,GM,0,J,U
Redump,Death Bringer (Japan),DEATH BRINGER,DEATH BRINGER,T-49034,1992.MAR,SEGA MEGA DRIVE,(C)T-49,GM,0,J,J
Redump,Demolition Man (USA),DEMOLITION MAN,DEMOLITION MAN,T-81045,1995.JUL,SEGA GENESIS,(C)T-81,GM,0,J,U
Redump,Dennin Aleste - Nobunaga and His Ninja Force (Japan),電忍アレスタ,,T-66014,1992.NOV,SEGA MEGA DRIVE,(C)T-66,GM,0,J,J
Redump,Detonator Orgun (Japan),デトネイタ・オーガン,DETONATOR ORGUN,T-28014,1992.JUN,SEGA MEGA DRIVE,(C)SEGA,GM,0,J,J
Redump,Devastator (Japan),DEVASTATOR,DEVASTATOR,T-32074,1993.APR,SEGA MEGA DRIVE,(C)T-32,GM,0,J,J
Redump,Double Switch (Europe),DOUBLE SWITCH,DOUBLE SWITCH,MK-4419,1993.DEC,SEGA MEGA DRIVE,(C)SEGA,GM,0,J,E
Redump,Double Switch (Japan),DOUBLE SWITCH,DOUBLE SWITCH,G-6040-,1994.DEC,SEGA MEGA DRIVE,(C)SEGA,GM,0,J,J
Redump,Double Switch (USA),DOUBLE SWITCH,DOUBLE SWITCH,MK-4419,1993.NOV,SEGA GENESIS,(C)SEGA,GM,0,J,U
Redump,Dracula Unleashed (Europe) (Disc 1) (Made in E.U.),DRACULA UNLEASHED,DRACULA UNLEASHED,MK-4420,1994.APR,SEGA GENESIS,(C)SEGA,GM,0,J,E
Redump,Dracula Unleashed (Europe) (Disc 1) (Made in Japan),DRACULA UNLEASHED,DRACULA UNLEASHED,MK-4420,1994.APR,SEGA GENESIS,(C)SEGA,GM,0,J,E
Redump,Dracula Unleashed (Europe) (Disc 2) (Made in E.U.),DRACULA UNLEASHED,DRACULA UNLEASHED,MK-4420,1994.APR,SEGA GENESIS,(C)SEGA,GM,0,J,E
Redump,Dracula Unleashed (Europe) (Disc 2) (Made in Japan),DRACULA UNLEASHED,DRACULA UNLEASHED,MK-4420,1994.APR,SEGA GENESIS,(C)SEGA,GM,0,J,E
Redump,Dracula Unleashed (USA) (Disc 1),DRACULA UNLEASHED,DRACULA UNLEASHED,MK-4420,1993 NOV,SEGA GENESIS,(C)SEGA,GM,0,J,U
Redump,Dracula Unleashed (USA) (Disc 2),DRACULA UNLEASHED,DRACULA UNLEASHED,MK-4420,1993 NOV,SEGA GENESIS,(C)SEGA,GM,0,J,U
Redump,"Dragon's Lair (Europe) (En,Fr,De,It)",DRAGONS LAIR,DRAGONS LAIR,MK- 4436,,SEGA MEGADRIVE,(C)T-121,GM,0,J,E
Redump,"Dragon's Lair (Japan) (En,Ja,Fr,De,It)",DRAGONS LAIR,DRAGONS LAIR,G-  6035,,SEGA MEGADRIVE,(C)T-121,GM,0,J,J
Redump,Dragon's Lair (USA),DRAGONS LAIR,DRAGONS LAIR,T-121015,,SEGA GENESIS,(C)T-121,GM,0,J,U
Redump,"Dune (Europe) (En,Fr,De,Es,It)",DUNE,DUNE,T-70065,1994.APR,SEGA MEGA DRIVE,(C)VRGN,GM,0,J,E
Redump,"Dune (USA) (En,Fr,De,Es,It)",DUNE THE GAME,DUNE THE GAME,T-70065,1994.SEP,SEGA GENESIS,(C)T-70,GM,0,J,U
Redump,Dungeon Explorer (Europe),Dungeon Explorer,Dungeon Explorer for Europe,T-14302,1995.MAR,SEGA MEGA DRIVE,(C)T-14,GM,-5,J4,E
Redump,Dungeon Explorer (USA),Dungeon Explorer,Dungeon Explorer for USA,MK-4657,1995.MAR,SEGA GENESIS,(C)SEGA,GM,,J4,U
Redump,Dungeon Master II - Skullkeep (Europe),DUNGEON MASTER II:SKULLKEEP,DUNGEON MASTER II:SKULLKEEP,T-60095,1994 DEC,SEGA GENESIS,(C)T-60,GM,0,J6M,E
Redump,Dungeon Master II - Skullkeep (Japan),SKULLKEEP,SKULLKEEP,T-60144,1994.MAR,SEGA MEGA DRIVE,(C)T-60,GM,0,JM,J
Redump,Dungeon Master II - Skullkeep (USA) (RE3),DUNGEON MASTER II:SKULLKEEP,DUNGEON MASTER II:SKULLKEEP,T-60085,1994 SEP,SEGA GENESIS,(C)T-60,GM,0,J6M,U
Redump,Dynamic Country Club (Japan),DYNAMIC COUNTRY CLUB,,G-6017-0,1993.JUL,SEGA MEGA DRIVE,(C)SEGA,GM,,J4,J
Redump,Earnest Evans (Japan),アーネスト・エバンス,EARNEST EVANS,T-32014,1991.DEC,SEGA MEGA DRIVE,(C)T-32,GM,1,J,J
Redump,Earthworm Jim - Special Edition (Europe),"EARTHWORM JIM, SHINY ENTERTAIN","EARTHWORM JIM, SHINY ENTERTAIN",T-125045,1995.APR,SEGA GENESIS,(C)T-125,GM,50,J,E
Redump,Earthworm Jim - Special Edition (USA) (RE),"EARTHWORM JIM, SHINY ENTERTAIN","EARTHWORM JIM, SHINY ENTERTAIN",T-125045,1995.JAN,SEGA GENESIS,(C)T-125,GM,0,J,U
Redump,"Ecco - The Tides of Time (Europe) (En,Fr,De,Es)",ECCO THE TIDES OF TIME,ECCO THE TIDES OF TIME,MK-4441,1995.JAN,SEGA MEGA DRIVE,(C)SEGA,GM,0,J,E
Redump,Ecco - The Tides of Time (USA),ECCO THE TIDES OF TIME,ECCO THE TIDES OF TIME,MK-4441,1994.OCT,SEGA GENESIS,(C)SEGA,GM,0,J,U
Redump,Ecco - The Tides of Time (USA) (Alt),ECCO THE TIDES OF TIME,ECCO THE TIDES OF TIME,MK-4441,1994.OCT,SEGA GENESIS,(C)SEGA,GM,0,J,U
Redump,Ecco the Dolphin (Australia),ECCO THE DOLPHIN,ECCO THE DOLPHIN,MK-4408,1993.SEP,SEGA MEGA DRIVE,(C)SEGA,GM,0,J,E
Redump,Ecco the Dolphin (Europe),ECCO THE DOLPHIN,ECCO THE DOLPHIN,MK-4408,1993.SEP,SEGA MEGA DRIVE,(C)SEGA,GM,0,J,E
Redump,Ecco the Dolphin (Europe) (Rerelease),ECCO THE DOLPHIN,ECCO THE DOLPHIN,MK-4408,1993.SEP,SEGA MEGA DRIVE,(C)SEGA,GM,0,J,E
Redump,Ecco the Dolphin (USA),ECCO THE DOLPHIN,ECCO THE DOLPHIN,MK-4408,1993.JUN,SEGA GENESIS,(C)SEGA,GM,0,J,U
Redump,Ecco the Dolphin CD (Japan) (Disc 1) (Ecco the Dolphin),ECCO THE DOLPHIN,ECCO THE DOLPHIN,G-6041,1994.DEC,SEGA MEGA DRIVE,(C)SEGA,GM,,J,J
Redump,Ecco the Dolphin CD (Japan) (Disc 2) (Ecco the Dolphin II),ECCO THE TIDES OF TIME,ECCO THE TIDES OF TIME,G-6041,1994.DEC,SEGA MEGA DRIVE,(C)SEGA,GM,,J,J
Redump,Egawa Suguru no Super League CD (Japan),江川卓の        Super League C,,G-6019,1993.JUL,SEGA MEGA DRIVE,(C)SEGA,GM,0,JC4,J
Redump,ESPN Baseball Tonight (Europe),ESPN BASEBALL TONIGHT,ESPN BASEBALL TONIGHT,T-93115,1994.AUG,SEGA MEGA DRIVE,(C)T-93,GM,0,J,E
Redump,ESPN Baseball Tonight (USA),ESPN BASEBALL TONIGHT,ESPN BASEBALL TONIGHT,T-93115,1994.AUG,SEGA GENESIS,(C)T-93,GM,0,J,U
Redump,ESPN National Hockey Night (USA),ESPN NATIONAL HOCKEY NIGHT,ESPN NATIONAL HOCKEY NIGHT,T-93215,1994.OCT,SEGA GENESIS,(C)T-93,GM,0,J4,U
Redump,ESPN NBA Hangtime '95 (USA),ESPN NBA HANGTIME 95,ESPN NBA HANGTIME 95,T-93245,1995.JAN,SEGA GENESIS,(C)T-93,GM,0,J4,U
Redump,ESPN Sunday Night NFL (USA),ESPN SUNDAY NIGHT FOOTBALL,ESPN SUNDAY NIGHT FOOTBALL,T-093105,1994.NOV,SEGA GENESIS,(C)T-93,GM,0,J,U
Redump,Eternal Champions - Challenge from the Dark Side (Europe),ETERNAL CHAMPIONS CD,ETERNAL CHAMPIONS CD,MK-4427,1995.JUN,SEGA MEGA DRIVE,(C)SEGA,GM,0,J6,E
Redump,Eternal Champions - Challenge from the Dark Side (USA),ETERNAL CHAMPIONS CD,ETERNAL CHAMPIONS CD,MK-4427,1995.MAY,SEGA GENESIS,(C)SEGA,GM,0,J6,U
Redump,Eternal Champions - Challenge from the Dark Side (USA) (RE),ETERNAL CHAMPIONS CD,ETERNAL CHAMPIONS CD,MK-4427,1995.MAY,SEGA GENESIS,(C)SEGA,GM,1,J6,U
Redump,Eye of the Beholder (Europe),Eye of the Beholder,Eye of the Beholder,MK-4656,1994.SEP,SEGA MEGA DRIVE,(C)SEGA,GM,0,JM,E
Redump,Eye of the Beholder (Japan),Eye of the Beholder,Eye of the Beholder,T-75014,1993.NOV,SEGA MEGA DRIVE,(C)T-75,GM,0,JM,J
Redump,Eye of the Beholder (USA),Eye of the Beholder,Eye of the Beholder,T-75014,1994.JUN,SEGA GENESIS,(C)T-75,GM,0,JM,U
Redump,F1 Circus CD (Japan),F1-CIRCUS CD,F1-CIRCUS CD,T-71014,1993.DEC,SEGA MEGA DRIVE,(C)T-71,GM,0,J,J
Redump,Fahrenheit (Europe),FAHRENHEIT,FAHRENHEIT,MK-4438,1995.MAR,SEGA MEGA DRIVE,(C)SEGA,GM,0,J,E
Redump,Fahrenheit (France),FAHRENHEIT,FAHRENHEIT,MK-4438,1995.MAR,SEGA MEGA DRIVE,(C)SEGA,GM,9,J,E
Redump,Fahrenheit (Japan),FAHRENHEIT,FAHRENHEIT,43,1995.MAR,SEGA MEGA DRIVE,(C)SEGA,G-6,,J,J
Redump,Fahrenheit (USA) (Disc 1) (Key Disc) (Sega CD),FAHRENHEIT,FAHRENHEIT,MK-4438,1995.FEB,SEGA GENESIS,(C)SEGA,GM,0,J,U
Redump,Fahrenheit (USA) (Disc 2) (32X CD),FAHRENHEIT,FAHRENHEIT,MK-4438,1995.MAR,SEGA GENESIS,(C)SEGA,GM,0,J,U
Redump,Fatal Fury Special (Europe),Fatal Fury Special,Fatal Fury Special,T-60165,1995.MAR,SEGA MEGA DRIVE,(C)T-60,GM,50,J6,E
Redump,Fatal Fury Special (USA),Fatal Fury Special,Fatal Fury Special,T-60165,1995.MAR,SEGA GENESIS,(C)T-60,GM,0,J6,U
Redump,"FIFA International Soccer - Championship Edition (Europe) (En,Fr,De,Es)",FIFA INTERNATIONAL SOCCER,FIFA INTERNATIONAL SOCCER,T-50055,1994 FEB,SEGA GENESIS,(C)T-50,GM,0,J,E
Redump,"FIFA International Soccer (USA) (En,Fr,De,Es)",FIFA INTERNATIONAL SOCCER,FIFA INTERNATIONAL SOCCER,T-50055,1994 FEB,SEGA GENESIS,(C)T-50,GM,0,J,U
Redump,Final Fight CD (Europe),FINAL FIGHT CD,FINAL FIGHT CD,MK-4410,1993.JUN,SEGA MEGA DRIVE,(C)SEGA,GM,0,J,E
Redump,Final Fight CD (Japan),FINAL FIGHT CD,FINAL FIGHT CD,G-6013,1993.MAR,SEGA MEGA DRIVE,(C)SEGA,GM,0,J,J
Redump,Final Fight CD (Japan) (Rev A),FINAL FIGHT CD,FINAL FIGHT CD,G-6013,1993.MAR,SEGA MEGA DRIVE,(C)SEGA,GM,1,J,J
Redump,Final Fight CD (USA),FINAL FIGHT CD,FINAL FIGHT CD,MK-4410,1993.MAY,SEGA GENESIS,(C)SEGA,GM,0,J,U
Redump,Final Fight CD (USA) (Alt 1),FINAL FIGHT CD,FINAL FIGHT CD,MK-4410,1993.MAY,SEGA GENESIS,(C)SEGA,GM,0,J,U
Redump,Final Fight CD (USA) (Alt 2),FINAL FIGHT CD,FINAL FIGHT CD,MK-4410,1993.MAY,SEGA GENESIS,(C)SEGA,GM,0,J,U
Redump,Flashback - The Quest for Identity (USA),FLASHBACK,FLASHBACK,T-79035,1994.JUL,SEGA GENESIS,(C)T-79,GM,0,J,U
Redump,"Flink (Europe) (En,Fr,De,Es,Nl)",THE (MIS)ADVENTURES OF FLINK,THE (MIS)ADVENTURES OF FLINK,T-113055,1994.AUG,SEGA MEGA DRIVE,(C)T-113,GM,50,J,E
Redump,"Flink (USA) (En,Fr,De,Es,Nl)",THE (MIS)ADVENTURES OF FLINK,THE (MIS)ADVENTURES OF FLINK,T-23055,1994.DEC,SEGA GENESIS,(C)T-23,GM,0,J,U
Redump,Formula One World Championship - Beyond the Limit (Europe),FORMULA ONE WORLD CHAMPIONSHIP,FORMULA ONE WORLD CHAMPIONSHIP,MK-4608,1994.JUL,SEGA MEGA DRIVE,(C)SEGA,GM,0,J6,E
Redump,Formula One World Championship - Beyond the Limit (USA),FORMULA ONE WORLD CHAMPIONSHIP,FORMULA ONE WORLD CHAMPIONSHIP,MK-4608,1994.JUN,SEGA GENESIS,(C)SEGA,GM,0,J6,U
Redump,Fresh Cleaner (Japan),,,,,SEGA MEGA DRIVE,,,,J,
Redump,Game no Kandume Vol. 1 (Japan),ゲームのかんづめ Vol.1,GAME CAN Vol.1,G-6032,1994.FEB,SEGA MEGA DRIVE,(C)SEGA,GM,0,J,J
Redump,Game no Kandume Vol. 2 (Japan),ゲームのかんづめ Vol.2,GAME CAN Vol.2,G-6033,1994.FEB,SEGA MEGA DRIVE,(C)SEGA,GM,0,J,J
Redump,Garou Densetsu Special (Japan),Garoudensetsu Special,Garoudensetsu Special,T-60214,1995.MAR,SEGA MEGA DRIVE,(C)T-60,GM,0,J6,U
Redump,Gen'ei Toshi - Illusion City (Japan),ILLUSION CITY,,T-51014,1993.MAY,SEGA MEGA DRIVE,(C)T-51,GM,1,JC,J
Redump,Ground Zero Texas (Europe) (Disc 1),GROUND ZERO TEXAS,GROUND ZERO TEXAS,T-93145,1993.NOV,SEGA MEGA DRIVE,(C)SEGA,GM,0,J,E
Redump,Ground Zero Texas (Europe) (Disc 2),GROUND ZERO TEXAS,GROUND ZERO TEXAS,T-93145,1993.NOV,SEGA MEGA DRIVE,(C)SEGA,GM,0,J,E
Redump,Ground Zero Texas (USA) (Disc 1),GROUND ZERO TEXAS,GROUND ZERO TEXAS,T-93145,1993.NOV,SEGA GENESIS,(C)SEGA,GM,0,J,U
Redump,Ground Zero Texas (USA) (Disc 2),GROUND ZERO TEXAS,GROUND ZERO TEXAS,T-93145,1993.NOV,SEGA GENESIS,(C)SEGA,GM,0,J,U
Redump,Ground Zero Texas (USA) (Disc 2) (Alt),GROUND ZERO TEXAS,GROUND ZERO TEXAS,T-93145,1993.NOV,SEGA GENESIS,(C)SEGA,GM,0,J,U
Redump,Gyuwambler Jiko Chuushinha 2 - Gekitou! Tokyo Mahjongland-hen (Japan),ぎゅわんぶらあ自己中心派２,,T-45044,1992.DEC,SEGA MEGA DRIVE,(C)T-45,GM,0,JC,J
Redump,Heart of the Alien - Out of This World Parts I and II (USA) (RE),HEART OF THE ALIEN,HEART OF THE ALIEN,T-70025,1994.AUG,SEGA GENESIS,(C)T-70,GM,0,J,U
Redump,Heavenly Symphony - Formula One World Championship 1993 (Japan),FOMULA ONE WORLDCHAMPIONSHIP 1,,G-6034,1994.MAR,SEGA MEGA DRIVE,(C)SEGA,GM,0,J,J
Redump,Heavy Nova (Japan),HEAVY NOVA CD,HEAVY NOVA CD,T-22014,1991.DEC,SEGA MEGA DRIVE,(C)T-22,GM,0,J,J
Redump,Heimdall (Japan),HEIMDALL,HEIMDALL,T-60054,1994.JAN,SEGA MEGA DRIVE,(C)T-60,GM,0,J,J
Redump,Heimdall (USA),HEIMDALL,HEIMDALL,T-60145,1994.MAY,SEGA GENESIS,(C)T-60,GM,0,J,U
Redump,Hook (Europe),HOOK,HOOK,T-93055,1993.MAY,SEGA MEGA DRIVE,(C)T-98,GM,0,J,E
Redump,Hook (USA),HOOK,HOOK,T-06205,1992.DEC,SEGA GENESIS,(C)T-98,GM,56,J,U
Redump,Hook (USA) (Alt),HOOK,HOOK,T-06205,1992.DEC,SEGA GENESIS,(C)T-98,GM,56,J,U
Redump,"IIIrd World War, The (Japan)",THE 3RD WORLD WAR,THE 3RD WORLD WAR,T-22034,1993.OCT,SEGA MEGA DRIVE,(C)T-22,GM,0,J,J
Redump,Iron Helix (USA),IRON HELIX,IRON HELIX,T-124015,1994.AUG,SEGA GENESIS,(C)T-124,GM,0,J6,U
Redump,Ishii Hisaichi no Daiseikai (Japan),DAISEIKAI,DAISEIKAI,MK-6016,1993.SEP,SEGA MEGA DRIVE,(C)SEGA,GM,0,J,J
Redump,"Jaguar XJ220 (Europe) (En,Ja)",JAGUAR XJ220,JAGUAR XJ220,T-60094,1993.JAN,SEGA MEGA DRIVE,(C)T-98,GM,0,J,E
Redump,"Jaguar XJ220 (Japan) (En,Ja)",JAGUAR XJ220,JAGUAR XJ220,T-60094,1993.JAN,SEGA MEGA DRIVE,(C)T-98,GM,,J,J
Redump,Jaguar XJ220 (USA),JAGUAR XJ220,JAGUAR XJ220,T-6406-0,1993.JAN,SEGA GENESIS,(C)T-07,GM,,J,U
Redump,Jangou World Cup (Japan),JONGO WORLD CUP,JONGO WORLD CUP,T-60124,1993.AUG,SEGA MEGA DRIVE,(C)T-60,GM,0,J,J
Redump,Jeopardy! (USA),JEOPARDY!,JEOPARDY!,T-93095,1994.OCT,SEGA GENESIS,(C)T-93,GM,0,4,U
Redump,Joe Montana's NFL Football (USA),JOE MONTANA FOOTBALL,JOE MONTANA FOOTBALL,MK-4201,1993.OCT,SEGA GENESIS,(C)SEGA,GM,0,J,U
Redump,Jurassic Park (Europe),JURASSIC PARK PAL,JURASSIC PARK PAL,MK-4411,1994.MAR,SEGA MEGA DRIVE,(C)SEGA,GM,0,J,E
Redump,Jurassic Park (Europe) (Rerelease),JURASSIC PARK PAL,JURASSIC PARK PAL,MK-4411,1994.MAR,SEGA MEGA DRIVE,(C)SEGA,GM,0,J,E
Redump,Jurassic Park (France),JURASSIC PARK FRENCH,JURASSIC PARK FRENCH,MK-4411,1994.SEP,SEGA MEGA DRIVE,(C)SEGA,GM,0,J,E
Redump,Jurassic Park (Germany),JURASSIC PARK GERMAN,JURASSIC PARK GERMAN,MK-4411,1994.SEP,SEGA MEGA DRIVE,(C)SEGA,GM,0,J,E
Redump,Jurassic Park (Japan),JURASSIC PARK JAPANESE,JURASSIC PARK JAPANESE,G-6038,1994.AUG,SEGA MEGA DRIVE,(C)SEGA,GM,0,J,J
Redump,Jurassic Park (Spain),JURASSIC PARK SPANISH,JURASSIC PARK SPANISH,MK-4411,1994.SEP,SEGA MEGA DRIVE,(C)SEGA,GM,0,J,E
Redump,Jurassic Park (USA) (RE),JURASSIC PARK,JURASSIC PARK,MK-4411,1993.DEC,SEGA GENESIS,(C)SEGA,GM,0,J,U
Redump,Kamen Rider ZO (Japan),KAMEN RIDER ZO,KAMEN RIDER ZO,T-141014,1994.JAN,SEGA MEGA DRIVE,(C)T-49,GM,0,J,J
Redump,Keio Flying Squadron (Europe),KEIO YUUGEKITAI,KEIO FLYING SQUADRON,T-60185,1994.OCT,SEGA GENESIS,(C)T-60,GM,0,J6,E
Redump,Keio Flying Squadron (USA),KEIO YUUGEKITAI,KEIO FLYING SQUADRON,T-60185,1994.OCT,SEGA GENESIS,(C)T-60,GM,0,J6,U
Redump,Keiou Yuugekitai (Japan),KEIO YUUGEKITAI,KEIO YUUGEKITAI,T-60114,1993.AUG,SEGA MEGA DRIVE,(C)T-60,GM,0,J,J
Redump,Kids on Site (Europe) (RE-1),KIDS ON SITE,KIDS ON SITE,T-162015,1994.NOV,SEGA MEGA DRIVE,(C)T-162,GM,50,J6,E
Redump,Kids on Site (USA),KIDS ON SITE,KIDS ON SITE,T-162015,1994.NOV,SEGA GENESIS,(C)T-162,GM,0,J6,U
Redump,"Lawnmower Man, The (Europe)",THE LAWNMOWER MAN,THE LAWNMOWER MAN,T-160015,1994,SEGA GENESIS,(C)T-16,GM,1,J,U
Redump,"Lawnmower Man, The (USA)",THE LAWNMOWER MAN,THE LAWNMOWER MAN,T-160015,1994,SEGA GENESIS,(C)T-16,GM,1,J,U
Redump,Lethal Enforcers (Europe),LETHAL ENFORCERS,LETHAL ENFORCERS,T-95015,1993.OCT,SEGA MEGA DRIVE,(C)T-95,GM,0,J,E
Redump,Lethal Enforcers (Japan),LETHAL ENFORCERS,LETHAL ENFORCERS,T-95014,1993.OCT,SEGA MEGA DRIVE,(C)T-95,GM,0,J,J
Redump,Lethal Enforcers (USA),LETHAL ENFORCERS,LETHAL ENFORCERS,T-95015,1993.OCT,SEGA GENESIS,(C)T-95,GM,0,J,U
Redump,Lethal Enforcers (USA) (Alt),LETHAL ENFORCERS,LETHAL ENFORCERS,T-95015,1993.OCT,SEGA GENESIS,(C)T-95,GM,0,J,U
Redump,Lethal Enforcers II - Gun Fighters (Europe),LETHAL ENFORCERS II THE WESTER,LETHAL ENFORCERS II GUN FIGHTE,T-95025,1994.OCT,SEGA MEGA DRIVE,(C)T-95,GM,0,J,E
Redump,Lethal Enforcers II - Gun Fighters (USA),LETHAL ENFORCERS II THE WESTER,LETHAL ENFORCERS II GUN FIGHTE,T-95025,1994.OCT,SEGA GENESIS,(C)T-95,GM,0,J,U
Redump,Lethal Enforcers II - The Western (Japan),LETHAL ENFORCERS II THE WESTER,LETHAL ENFORCERS II GUN FIGHTE,T-95034,1994.OCT,SEGA MEGA DRIVE,(C)T-95,GM,0,J,J
Redump,Links - The Challenge of Golf (USA),"LINKS, THE CHALLENGE OF GOLF","LINKS, THE CHALLENGE OF GOLF",T-70095,1994.SEP,SEGA GENESIS,(C)T-70,GM,0,JM,U
Redump,Links - The Challenge of Golf (USA) (RE),"LINKS, THE CHALLENGE OF GOLF","LINKS, THE CHALLENGE OF GOLF",T-70095,1994.SEP,SEGA GENESIS,(C)T-70,GM,0,JM,U
Redump,"Loadstar - The Legend of Tully Bodine (USA, Brazil)",LOADSTAR - THE LEGEND OF TULLY,LOADSTAR - THE LEGEND OF TULLY,T-153015,94.OCT,SEGA GENESIS,(C)T-153,GM,0,J6,U
Redump,Lords of Thunder (Europe),WINDS OF THUNDER,LORDS OF THUNDER,T-14303,1995.Apr,SEGA MEGA DRIVE,(C)T-14,GM,-5,J,E
Redump,Lords of Thunder (USA),WINDS OF THUNDER,LORDS OF THUNDER,MK-4449,1995.MAR,SEGA GENESIS,(C)SEGA,GM,,J,U
Redump,Lunar - Eternal Blue (Japan),LUNAR2,LUNAR2,T-45074,1994.NOV,SEGA MEGA DRIVE,(C)T-45,GM,0,J,J
Redump,Lunar - Eternal Blue (Japan) (Rev A),LUNAR2,LUNAR2,T-45074,1994.DEC,SEGA MEGA DRIVE,(C)T-45,GM,1,J,J
Redump,Lunar - Eternal Blue (USA) (RE),LUNAR -ETERNAL BLUE-,LUNAR -ETERNAL BLUE-,T-127045,95.AUG,SEGA GENESIS,T-127 19,GM,0,J,U
Redump,Lunar - The Silver Star (Japan),ＬＵＮＡＲ,,T-45014,1992.JUN,SEGA MEGA DRIVE,(C)T-45,GM,0,JC,J
Redump,Lunar - The Silver Star (USA),LUNAR,LUNAR,T-127015,1993.SEP,SEGA GENESIS,(C)T-12,GM,0,J,U
Redump,Lunar - The Silver Star (USA) (RE),LUNAR,LUNAR,T-127015,1993.SEP,SEGA GENESIS,(C)T-12,GM,0,J,U
Redump,Mad Dog II - The Lost Gold (USA),MAD DOG II THE LOST GOLD,MAD DOG II THE LOST GOLD,T-111065,1995.MAR,SEGA GENESIS,(C)T-111,GM,0,JMG,U
Redump,Mad Dog McCree (USA),MAD DOG MCCREE,MAD DOG MCCREE,T-11105,1993.OCT,SEGA GENESIS,(C)T-111,GM,0,JMG,U
Redump,Mahou no Shoujo - Silky Lip (Japan),魔法の少女シルキーリップ,Magical princessSilky Lip,T-49024,1992.MAR,SEGA MEGA DRIVE,(C)T-49,GM,0,J,J
Redump,Make My Video - INXS (Europe),MAKE MY VIDEO -- INXS,MAKE MY VIDEO -- INXS,MK-4902,1993.AUG,SEGA MEGA DRIVE,(C)SEGA,GM,1,J,E
Redump,Make My Video - INXS (USA),MAKE MY VIDEO -- INXS,MAKE MY VIDEO -- INXS,MK-4902,1993.JAN,SEGA GENESIS,(C)SEGA,GM,0,J,U
Redump,Make My Video - Kris Kross (Europe),MAKE MY VIDEO -- KRIS KROSS,MAKE MY VIDEO -- KRIS KROSS,MK-4901,1993.JUN,SEGA MEGA DRIVE,(C)SEGA,GM,0,J,E
Redump,Mansion of Hidden Souls (USA),MANSION OF HIDDEN SOULS,MANSION OF HIDDEN SOULS,T- 23015,1994.JAN,SEGA GENESIS,(C)T-23,GM,-,JM,U
Redump,Marko (USA) (Unl),SEGA CD SAMPLE APP. WRITTEN BY,SEGA CD SAMPLE APP. WRITTEN BY,MK-xxxx,1993.MAY,SEGA GENESIS,(C)SEGA,GM,0,J,U
Redump,"Marko's Magic Football (Europe) (En,Fr,De,Es)",MARKOS MAGIC FOOTBALL PUBLISHE,MARKOS MAGIC FOOTBALL PUBLISHE,T-88025,1995.JUN,SEGA MEGADRIVE,(C)T-88,GM,5,J,E
Redump,Mary Shelley's Frankenstein (USA),MARY SHELLEY`S FRANKENSTEIN,MARY SHELLEY`S FRANKENSTEIN,T-93155,1994.OCT,SEGA GENESIS,(C)T-93,GM,0,J,U
Redump,"Masked Rider, The - Kamen Rider ZO (USA)",KAMEN RIDER ZO,THE MASKED RIDER: KAMEN RIDER,MK-4444,1994.AUG,SEGA GENESIS,(C)SEGA,GM,0,J,U
Redump,Mega Schwarzschild (Japan),MEGA Schwarzschild,MEGA Schwarzschild,G-6020,1993.JUN,SEGA MEGA DRIVE,(C)SEGA,GM,0,J,J
Redump,MegaRace (USA),MEGARACE,MEGARACE,T-87025,1994.DEC,SEGA GENESIS,(C)T-87,GM,0,J,U
Redump,Mickey Mania - The Timeless Adventures of Mickey Mouse (USA),MICKEY MANIA,MICKEY MANIA,T-93265,1994.SEP,SEGA GENESIS,(C)T-93,GM,0,J,U
Redump,Mickey Mania (Europe),MICKEY MANIA,MICKEY MANIA,T-93305,1994.SEP,SEGA MEGA DRIVE,(C)T-93,GM,0,J,E
Redump,Microcosm (Europe),MICROCOSM,MICROCOSM,T-11301,1993.NOV,SEGA MEGA DRIVE,(C)T-113,GM,0,J,E
Redump,Microcosm (Europe) (Alt),MICROCOSM,MICROCOSM,T-11301,1993.NOV,SEGA MEGA DRIVE,(C)T-113,GM,0,J,E
Redump,Microcosm (Japan),MICROCOSM,MICROCOSM,T-60164,1994.FEB,SEGA MEGA DRIVE,(C)T-60,GM,0,J,J
Redump,Microcosm (USA),MICROCOSM,MICROCOSM,T-11301,1993.DEC,SEGA GENESIS,(C)T-113,GM,0,J,U
Redump,Midnight Raiders (Europe),MIDNIGHT RAIDERS,MIDNIGHT RAIDERS,MK-4439,1995.APR,SEGA MEGA DRIVE,(C)SEGA,GM,0,J,E
Redump,Midnight Raiders (USA),MIDNIGHT RAIDERS,MIDNIGHT RAIDERS,MK-4439,1994.DEC,SEGA GENESIS,(C)SEGA,GM,0,J,U
Redump,Might and Magic III - Isles of Terra (Japan),MIGHT AND MAGIC3,MIGHT AND MAGIC3,T-68024,1993.OCT,SEGA MEGA DRIVE,(C)T-68,GM,0,JM,J
Redump,Mighty Mighty Missile (USA) (Unl),MIGHTY_MIGHTY_MISSILE,MIGHTY_MIGHTY_MISSILE,MK-4407,2005.SEP,SEGA GENESIS,(C)EVMD,GM,0,J,U
Redump,Mighty Morphin Power Rangers (Europe),MIGHTY MORPHIN POWER RANGERS,MIGHTY MORPHIN POWER RANGERS,MK-4442,1994.OCT,SEGA GENESIS,(C)SEGA,GM,0,J,E
Redump,Mighty Morphin Power Rangers (USA),MIGHTY MORPHIN POWER RANGERS,MIGHTY MORPHIN POWER RANGERS,MK-4442,1994.OCT,SEGA GENESIS,(C)SEGA,GM,0,J,U
Redump,Mortal Kombat (Europe),MORTAL KOMBAT,MORTAL KOMBAT,T-81025,1994.MAY,SEGA GENESIS,(C)T-81,GM,0,J6L,E
Redump,Mortal Kombat (USA),MORTAL KOMBAT,MORTAL KOMBAT,T-81025,1994.MAY,SEGA GENESIS,(C)T-81,GM,0,J6L,U
Redump,Mortal Kombat Kanzenban (Japan),MORTAL KOMBAT,MORTAL KOMBAT,T-81025,1994.MAY,SEGA GENESIS,(C)T-81,GM,0,J6L,J
Redump,My Paint (USA),MYPAINT SEGA CD,MYPAINT MEGA CD,T-109015,1994.MH,SEGA MEGA DRIVE,(C)T-109,AI,0,"J,M",U
Redump,NBA Jam (Europe),NBAJAM          RAM,NBAJAM          RAM,T-81035,1994.SEP,SEGA MEGA DRIVE,(C)T-81,GM,0,J4,E
Redump,NBA Jam (Japan),NBAJAM          RAM,NBAJAM          RAM,T-81035,1994.SEP,SEGA MEGA DRIVE,(C)T-81,GM,0,J4,J
Redump,NBA Jam (USA),NBAJAM          RAM,NBAJAM          RAM,T-81035,1994.SEP,SEGA GENESIS,(C)T-81,GM,0,J,U
Redump,NFL Football Trivia Challenge (USA),NFL TRIVIA CHALLENGE,NFL TRIVIA CHALLENGE,T-135015,1994.NOV,SEGA GENESIS,(C)T-13,GM,0,J,U
Redump,NFL's Greatest - San Francisco vs. Dallas 1978-1993 (USA),N.F.L.'S GREATEST SAN FRANCISC,N.F.L.'S GREATEST SAN FRANCISC,MK-4202,1993.DEC,SEGA GENESIS,(C)SEGA,GM,0,J,U
Redump,NHL '94 (USA),NHL HOCKEY 94,NHL HOCKEY 94,T-50015,1993.NOV,SEGA GENESIS,(C)T-50,GM,0,J,U
Redump,NHL Hockey '94 (Europe),NHL HOCKEY 94,NHL HOCKEY 94,T-50015,1993.NOV,SEGA MEGADRIVE,(C)T-50,GM,0,J,E
Redump,"Night Striker (Japan, Korea)",NIGHT STRIKER,NIGHT STRIKER,T-11014,1993.MAY,SEGA MEGA DRIVE,(C)T-11,GM,0,JAC,J
Redump,Night Trap (Europe) (Disc 1),,NIGHT TRAP,MK-4903,1993.APR,SEGA MEGA DRIVE,(C)SEGA,GM,0,J,E
Redump,Night Trap (Europe) (Disc 1) (Mega-CD 32X),NIGHT TRAP,DISK1,T-16202F,1995.JAN,SEGA 32X,(C)T-162,GM,50,J,E
Redump,Night Trap (Europe) (Disc 2),,NIGHT TRAP,MK-4903,1993.APR,SEGA MEGA DRIVE,(C)SEGA,GM,0,J,E
Redump,Night Trap (Europe) (Disc 2) (Mega-CD 32X),NIGHT TRAP,DISK2,T-16202F,1995.JAN,SEGA 32X,(C)T-162,GM,50,J,E
Redump,Night Trap (France) (Disc 1),NIGHT TRAP,DISK1,MK-4903,1994.APR,SEGA MEGA DRIVE,(C)SEGA,GM,0,J,E
Redump,Night Trap (France) (Disc 2),NIGHT TRAP,DISK2,MK-4903,1994.APR,SEGA MEGA DRIVE,(C)SEGA,GM,0,J,E
Redump,Night Trap (Japan) (Disc 1),NIGHT TRAP,DISK1,G-6025,1993.OCT,SEGA MEGA DRIVE,(C)SEGA,GM,0,J,J
Redump,Night Trap (Japan) (Disc 2),NIGHT TRAP,DISK2,G-6025,1993.OCT,SEGA MEGA DRIVE,(C)SEGA,GM,0,J,J
Redump,Night Trap (USA) (Disc 1) (Rerelease),NIGHT TRAP,DISK1,T-162105,1994.DEC,SEGA GENESIS,(C)T-162,GM,0,J,U
Redump,Night Trap (USA) (Disc 1) (Rerelease) (Alt),NIGHT TRAP,DISK1,T-162105,1994.DEC,SEGA GENESIS,(C)T-162,GM,0,J,U
Redump,Night Trap (USA) (Disc 1) (Sega CD 32X) (RE-1),NIGHT TRAP,DISK1,T-16202F,1994.DEC,SEGA 32X,(C)T-162,GM,0,J,U
Redump,Night Trap (USA) (Disc 2) (Rerelease),NIGHT TRAP,DISK2,T-162105,1994.DEC,SEGA GENESIS,(C)T-162,GM,0,J,U
Redump,Night Trap (USA) (Disc 2) (Rerelease) (Alt),NIGHT TRAP,DISK2,T-162105,1994.DEC,SEGA GENESIS,(C)T-162,GM,0,J,U
Redump,Night Trap (USA) (Disc 2) (Sega CD 32X) (RE-1),NIGHT TRAP,DISK2,T-16202F,1994.DEC,SEGA 32X,(C)T-162,GM,0,J,U
Redump,"Ninja Warriors, The (Japan)",THE NINJA WARRIORS,THE NINJA WARRIORS,T-11024,1993.MAR,SEGA MEGA DRIVE,(C)T-11,GM,0,JC,J
Redump,Nobunaga no Yabou - Haouden (Japan),信長の野望・覇王伝ECTION,ECTION,T-76024,1994.FEB,SEGA MEGA DRIVE,(C)T-76,GM,0,JM,J
Redump,Nostalgia 1907 - In North Atlantic Sea (Japan),NOSTALGIA 1907 BY TAKERU,NOSTALGIA 1907 BY TAKERU,0,1991.NOV,SEGA MEGA DRIVE,(C)SEGA,XX,0,J,J
Redump,Note! Color Mechanica (USA) (Unl),NOTE! / BATSLY ADAMS - COLOR M,NOTE! / BATSLY ADAMS - COLOR M,T-00012,2013.JAN,SEGA GENESIS,(C)T-BA,GM,0,J,U
Redump,Note! Color Mechanica (USA) (Unl) (Alt),NOTE! / BATSLY ADAMS - COLOR M,NOTE! / BATSLY ADAMS - COLOR M,T-00012,2013.JAN,SEGA GENESIS,(C)T-BA,GM,0,J,U
Redump,Novastorm (Europe),NOVASTORM,NOVASTORM,T-113065,1994.NOV,SEGA MEGA DRIVE,(C)T-113,GM,0,J,E
Redump,Novastorm (USA),NOVASTORM,NOVASTORM,T-113025,1994.NOV,SEGA GENESIS,(C)T-113,GM,0,J,U
Redump,Panic! (USA) (RE),SWITCH,PANIC!,T-13015,1994.SEP,SEGA GENESIS,(C)T-13,GM,0,J6M,U
Redump,Pier Solar and the Great Architects - The Definitive Original Soundtrack (Europe) (Disc 4) (Enhanced Soundtrack Disc),PIERSOLAR& THE GREAT ARCHITEC,PIERSOLAR& THE GREAT ARCHITEC,T-5740??,2010.AUG,SEGA MEGA DRIVE,(c)T574,GM,1,J,J
Redump,Pier Solar and the Great Architects Enhanced Soundtrack Disc (USA),PIERSOLAR& THE GREAT ARCHITEC,PIERSOLAR& THE GREAT ARCHITEC,T-5740??,2010.AUG,SEGA MEGA DRIVE,(c)T574,GM,1,J,J
Redump,Pitfall - The Mayan Adventure (Europe),PITFALL,PITFALL,T-130025,1994.NOV,SEGA MEGA DRIVE,(C)T130,GM,50,J6,E
Redump,Pitfall - The Mayan Adventure (USA),PITFALL,PITFALL,T-130025,1994.NOV,SEGA GENESIS,(C)T130,GM,0,J6,U
Redump,Popful Mail (USA) (RE),Popful MAIL,Popful MAIL,T-127035,95.JAN,SEGA GENESIS,T-127 19,GM,0,J,U
Redump,PopfulMail (Japan),Popful MAIL,Popful MAIL,G-6029,1994.APR,SEGA MEGA DRIVE,(C)SEGA,GM,0,J,J
Redump,Power Factory (Europe),MAKE MY VIDEO -- C & C MUSIC F,MAKE MY VIDEO -- C & C MUSIC F,MK-4901,1993.JUN,SEGA MEGA DRIVE,(C)SEGA,GM,0,J,E
Redump,Power Monger (USA),POWERMONGER,POWERMONGER,T-50035,1994.JUN,SEGA GENESIS,(C)T-50,GM,0,J,U
Redump,PowerMonger (Europe),POWERMONGER,POWERMONGER,T-50035,1994.JUN,SEGA MEGA DRIVE,(C)T-50,GM,0,J,E
Redump,Prince of Persia (Europe),Prince of Persia,Prince of Persia,MK-4652,1992.Aug,SEGA MEGA DRIVE,(C)SEGA,GM,0,J,J
Redump,Prince of Persia (Japan),Prince of Pelsia,Prince of Pelsia,T-60014,1992.Aug,SEGA MEGA DRIVE,(C)VICT,GM,,J,J
Redump,Prince of Persia (USA),Prince of Persia,Prince of Persia,MK-4652,1992.Aug,SEGA GENESIS,(C)SEGA,GM,0,J,J
Redump,Prize Fighter (Europe) (Disc 1),Prize Fighter,Prize Fighter,MK-4206,1993.DEC,SEGA MEGA DRIVE,(C)SEGA,GM,0,J6,E
Redump,Prize Fighter (Europe) (Disc 2),Prize Fighter,Prize Fighter,MK-4206,1993.DEC,SEGA MEGA DRIVE,(C)SEGA,GM,0,J6,E
Redump,Prize Fighter (Japan) (Disc 1),Prize Fighter,Prize Fighter,G-6037,1994.DEC,SEGA MEGA DRIVE,(C)SEGA,GM,0,J6,J
Redump,Prize Fighter (Japan) (Disc 2),Prize Fighter,Prize Fighter,G-6037,1994.DEC,SEGA MEGA DRIVE,(C)SEGA,GM,0,J6,J
Redump,Prize Fighter (USA) (Disc 1),Prize Fighter,Prize Fighter,MK-4206,1993.NOV,SEGA GENESIS,(C)SEGA,GM,0,J6,U
Redump,Prize Fighter (USA) (Disc 1) (Alt),Prize Fighter,Prize Fighter,MK-4206,1993.NOV,SEGA GENESIS,(C)SEGA,GM,0,J6,U
Redump,Prize Fighter (USA) (Disc 2),Prize Fighter,Prize Fighter,MK-4206,1993.NOV,SEGA GENESIS,(C)SEGA,GM,0,J6,U
Redump,Pro Yakyuu Super League CD (Japan),PUROYAKYUU      SUPER-LEAGUE C,PUROYAKYUU      SUPER-LEAGUE C,G-6010-0,1992.SEP,SEGA MEGA DRIVE,(C)SEGA,GM,,J,J
Redump,Psychic Detective Series Vol. 3 - Aya (Japan),AYA PSYCHIC DETECTIVE SERIES V,AYA PSYCHIC DETECTIVE SERIES V,T-84024,1992.SEP,SEGA MEGA DRIVE,(C)T-84,GM,0,J,J
Redump,Psychic Detective Series Vol. 4 - Orgel (Japan),ORGEL PSYCHIC DETECTIVE SERIES,ORGEL PSYCHIC DETECTIVE SERIES,T-84034,1993.SEP,SEGA MEGA DRIVE,(C)T-84,GM,0,J,J
Redump,Psygnosis Christmas Sampler (Europe),PUGGSY CD,PUGGSY CD,T-99999,1993.NOV,SEGA MEGA DRIVE,(C)T-999,GM,-,J,E
Redump,Psygnosis Christmas Sampler (Europe) (Alt),PUGGSY CD,PUGGSY CD,T-99999,1993.NOV,SEGA MEGA DRIVE,(C)T-999,GM,-,J,E
Redump,Puggsy (Europe),PUGGSY CD,PUGGSY CD,T-11303,1993.SEP,SEGA MEGA DRIVE,(C)T-113,GM,-,J,E
Redump,Puggsy (USA),PUGGSY CD,PUGGSY CD,T-11303,1993.SEP,SEGA GENESIS,(C)T-113,GM,-,J,U
Redump,Quiz Scramble Special (Japan) (Rev B),QUIZ SCRAMBLE SPECIAL,,T-06003,1992.MAR,SEGA MEGA DRIVE,(C)SEGA,GM,0,J,J
Redump,Quiz Tonosama no Yabou (Japan),CAPCOM NO QUIZ   TONOSAMA NO,,44024,1992.SEP,SEGA MEGA DRIVE,(C)SIMS,GM,0,J,J
Redump,Racing Aces (USA),Racing Aces,Racing Aces,MK-4607,1993.NOV,SEGA GENESIS,(C)SEGA,GM,0,J6,U
Redump,Radical Rex (USA),RADICAL REX,RADICAL REX,T-130035,1994.NOV,SEGA GENESIS,(C)T130,GM,1,J,U
Redump,Ranma 1-2 - Byakuranaika (Japan),MEGA-CD RANMA1/2,MEGA-CD RANMA1/2,T-25014,1992.EPI,SEGA MEGA DRIVE,T-25,GM,0,J,J
Redump,RDF - Global Conflict (USA),RDF:GLOBAL CONFLICT,RDF:GLOBAL CONFLICT,T-86025,1995.JAN,SEGA GENESIS,(C)T-86,GM,0,J,U
Redump,Record of Lodoss War (Japan),ロードス島戦記,RECORD OF LODOSS WAR,G-6024 ,1994.MAY,SEGA MEGA DRIVE,(C)SEGA,GM,0,J,J
Redump,Revenge of the Ninja (USA),NINJA HAYATE,REVENGE OF THE  NINJA,T-49035,1994.JAN,SEGA GENESIS,(C)T-49,GM,0,J,U
Redump,Revengers of Vengeance (USA),BATTLE FANTASY,REVENGERS OF VENGEANCE,T-22035,1994.SEP,SEGA GENESIS,(C)T-22,GM,0,J,U
Redump,Rise of the Dragon - A Blade Hunter Mystery (Japan),RISE OF THE DRAGON,RISE OF THE DRAGON,G-6002-0,1992.JUL,SEGA MEGA DRIVE,(C)SEGA,GM,,JM,J
Redump,Rise of the Dragon (USA),RISE OF THE DRAGON,RISE OF THE DRAGON,MK-4301,1993.MAR,SEGA GENESIS,(C)SEGA,GM,0,JM,U
Redump,Rise of the Dragon (USA) (Rerelease) (RE),RISE OF THE DRAGON,RISE OF THE DRAGON,T-110035,1994.MAR,SEGA GENESIS,(C)SEGA,GM,0,JM,U
Redump,Road Avenger (Europe),ROAD BLASTER FX,ROAD AVENGER,4603-50,1993.FEB,SEGA MEGA DRIVE,(C)T-32,MK,,J,JUE
Redump,Road Avenger (USA),ROAD AVENGER,ROAD BLASTER FX,T-6207,1993.FEB,SEGA GENESIS,(C)T-32,GM,0,J,JU
Redump,Road Blaster FX (Japan),ROAD BRASTER FX,ROAD BRASTER FX,T-32124,1992.DEC,SEGA MEGA DRIVE,(C)T-32,GM,1,J,J
Redump,Road Rash (USA),ROAD RASH,ROAD RASH,T-50085,95.MAR,SEGA GENESIS,(C)EA 19,GM,,J,U
Redump,Robo Aleste (Europe),電忍アレスタ,ROBO ALESTE,MK-4416,1993.MAR,SEGA MEGA DRIVE,(C)T-66,GM,0,J,E
Redump,Robo Aleste (USA),電忍アレスタ,ROBO ALESTE,T-48015,1993.MAR,SEGA MEGA DRIVE,(C)T-66,GM,0,J,U
Redump,Samurai Shodown (Europe),Samurai Shodown,Samurai Shodown,T-60175,1995.JUN,SEGA MEGA DRIVE,(C)T-60,GM,50,J6,E
Redump,Samurai Shodown (USA) (RE),Samurai Shodown,Samurai Shodown,T-60175,1995.JUN,SEGA GENESIS,(C)T-60,GM,0,J6,U
Redump,"San Diego Zoo Presents... The Animals!, The (Europe)",THE ANIMALS (SOFTWARE TOOLWORK,THE ANIMALS (SOFTWARE TOOLWORK,T-158015,1994.JUN,SEGA MEGA DRIVE,(C)T-158,GM,0,J,E
Redump,"San Diego Zoo Presents... The Animals!, The (USA)",THE ANIMALS (SOFTWARE TOOLWORK,THE ANIMALS (SOFTWARE TOOLWORK,T-87015,1994.APR,SEGA GENESIS,(C)T-87,GM,0,J,U
Redump,Sangokushi III (Japan),三國志Ⅲ        ECTION,ECTION,T-76014,1993.FEB,SEGA MEGA DRIVE,(C)T-76,GM,0,J,J
Redump,"Secret of Monkey Island, The (Japan)",MONKEY ISLAND,MONKEY ISLAND,T-60044,1993.8,SEGA MEGA DRIVE,(C)T-60,GM,0,JCBM,J
Redump,"Secret of Monkey Island, The (USA) (Limited Run Games)",MONKEY ISLAND,MONKEY ISLAND,T-60035,1993.8,SEGA GENESIS,(C)T-60,GM,0,JCBM,U
Redump,"Secret of Monkey Island, The (USA) (RE)",MONKEY ISLAND,MONKEY ISLAND,T-60035,1993.8,SEGA GENESIS,(C)T-60,GM,0,JCBM,U
Redump,Sega CD Demo (Japan) (Proto) (1992-05-29),DOMESTIC TITLE,OVERSEAS TITLE,T-32024,1991.DEC,SEGA MEGA DRIVE,(C)T-32,GM,1,J,J
Redump,Sega Classic Arcade Collection - Limited Edition (Japan),SEGA CLASSIC,SEGA CLASSIC,G-6012,1992.SEP,SEGA MEGA DRIVE,(C)SEGA,GM,0,J,J     10/09-1992
Redump,Sega Classics Arcade Collection - Limited Edition (Europe) (Rev A),SEGA CLASSIC,SEGA CLASSIC,G-6012,1992.DEC,SEGA MEGA DRIVE,(C)SEGA,GM,1,J,E     12/09-1992
Redump,Sega Classics Arcade Collection - Limited Edition (Europe) (Rev A) (Alt),SEGA CLASSIC,SEGA CLASSIC,G-6012,1992.DEC,SEGA MEGA DRIVE,(C)SEGA,GM,1,J,E     12/09-1992
Redump,Sega Classics Arcade Collection (USA) (4-in-1) (RE),SEGA CLASSIC,SEGA CLASSIC,G-6012,1992.SEP,SEGA MEGA DRIVE,(C)SEGA,GM,0,J,U     10/09-1992
Redump,Sega Classics Arcade Collection (USA) (4-in-1) (RE2),SEGA CLASSIC,SEGA CLASSIC,G-6012,1992.DEC,SEGA MEGA DRIVE,(C)SEGA,GM,1,J,U     12/09-1992
Redump,Sega Classics Arcade Collection (USA) (5-in-1),SEGA CLASSIC,SEGA CLASSIC,G-6012,1992.DEC,SEGA MEGA DRIVE,(C)SEGA,GM,1,J,U     12/09-1992
Redump,"Seima Densetsu 3x3 Eyes (Japan, Korea)",SEGA 3X3EYES,SEGA 3X3EYES,G-6007,1993.JUN,SEGA MEGA DRIVE,(C)SEGA,GM,0,J,J
Redump,Seirei Shinseiki - Fhey Area (Japan),精霊神世紀フェイエリア,FHEYAREA,T-32034,1992.JAN,SEGA MEGA DRIVE,(C)T-32,GM,1,J,J
Redump,Sengoku Denshou (Japan),戦国伝承,SENGOKU,T-24034,1993.DEC,SEGA MEGA DRIVE,(C)T-24,GM,0,J,J
Redump,"Sensible Soccer (Europe) (En,Fr,De,It)",SENSIBLE SOCCER,SENSIBLE SOCCER,T-93185,1994.JUN,SEGA MEGA-CD,(C)T-93,GM,0,J,E
Redump,Sewer Shark (Europe),SEWER SHARK,SEWER SHARK,T-06201,1993.JUL,SEGA GENESIS,(C)SEGA,GM,0,J,E
Redump,Sewer Shark (USA) (Not for Resale),SEWER SHARK,SEWER SHARK,T-06201,1993.JUN,SEGA GENESIS,(C)SEGA,GM,3,J,U
Redump,Sewer Shark (USA) (Not for Resale) (Alt 1),SEWER SHARK,SEWER SHARK,T-06201,1993.JUN,SEGA GENESIS,(C)SEGA,GM,3,J,U
Redump,Sewer Shark (USA) (Not for Resale) (Alt 2),SEWER SHARK,SEWER SHARK,T-06201,1993.JUN,SEGA GENESIS,(C)SEGA,GM,3,J,U
Redump,Shadow of the Beast II - Juushin no Jubaku (Japan),SHADOW OF THE BEAST TWO,SHADOW OF THE BEAST TWO,T-60034,1994.JUL,SEGA MEGA DRIVE,(C)T-60,GM,0,J,J
Redump,Shadow of the Beast II (USA),SHADOW OF THE BEAST TWO,SHADOW OF THE BEAST TWO,T-113045,1994.AUG,SEGA GENESIS,(C)T-113,GM,1,J,U
Redump,Shadowrun (Japan),SHADOWRUN,,T-66024,1993.AUG,SEGA MEGA DRIVE,(C)SEGA,GM,0,JM,J
Redump,Sherlock Holmes - Consulting Detective - Vol. II (Europe) (Disc 1),SHERLOCK HOLMES Consulting Det,SHERLOCK HOLMES Consulting Det,MK-4653,1993.APR,SEGA MEGA DRIVE,(C)SEGA,GM,0,J,E
Redump,Sherlock Holmes - Consulting Detective - Vol. II (Europe) (Disc 2),SHERLOCK HOLMES Consulting Det,SHERLOCK HOLMES Consulting Det,MK-4653,1993.APR,SEGA MEGA DRIVE,(C)SEGA,GM,0,J,E
Redump,Sherlock Holmes - Consulting Detective - Vol. II (USA) (Disc 1),SHERLOCK HOLMES Consulting Det,SHERLOCK HOLMES Consulting Det,MK-4653,1993.APR,SEGA GENESIS,(C)SEGA,GM,0,J,U
Redump,Sherlock Holmes - Consulting Detective - Vol. II (USA) (Disc 2),SHERLOCK HOLMES Consulting Det,SHERLOCK HOLMES Consulting Det,MK-4653,1993.APR,SEGA GENESIS,(C)SEGA,GM,0,J,U
Redump,Sherlock Holmes - Consulting Detective (USA),SherlockHolmes01,SherlockHolmes01,T-4501,1992.OCT,SEGA MEGA DRIVE,(C)ICOM,GM,-,J,J
Redump,Shin Megami Tensei (Japan),SIN MEGAMI        TENSEI,,T-044044,1994.JAN,SEGA MEGA DRIVE,(C)SIMS,GM,0,JM6,J
Redump,Shining Force CD (Europe),SHINING FORCE CD,SHINING FORCE CD,MK-4656,1995.FEB,SEGA MEGA DRIVE,(C)SEGA,GM,0,J,E
Redump,Shining Force CD (Japan),SHINING FORCE CD,SHINING FORCE CD,G-6036,1994.JUL,SEGA MEGA DRIVE,(C)SEGA,GM,0,J,J
Redump,Shining Force CD (USA) (3R),SHINING FORCE CD,SHINING FORCE CD,MK-4656,1995.FEB,SEGA GENESIS,(C)SEGA,GM,0,J,U
Redump,"Shining Force CD (USA) (5R, 6R)",SHINING FORCE CD,SHINING FORCE CD,MK-4656,1995.FEB,SEGA GENESIS,(C)SEGA,GM,0,J,U
Redump,Silpheed (Europe),SILPHEED,SILPHEED,MK-4423,1993.OCT,SEGA MEGA DRIVE,(C)T-45,GM,0,J,E
Redump,Silpheed (Japan),ＳＩＬＰＨＥＥＤ,,T-45054,1993.JUN,SEGA MEGA DRIVE,(C)T-45,GM,0,J,J
Redump,Silpheed (USA),ＳＩＬＰＨＥＥＤ,SILPHEED,MK-4419,1993.AUG,SEGA GENESIS,(C)T-45,GM,0,J,U
Redump,SimEarth (Japan),SIM EARTH,SIM EARTH,G-6008,1993.JAN,SEGA MEGA DRIVE,(C)SEGA,GM,0,J,J
Redump,Sing!! Sega Game Music Presented by B. B. Queens (Japan),QUIZ SCRAMBLE SPECIAL,,T-60064,1992.FEB,SEGA MEGA DRIVE,(C)SEGA,GM,0,J,J
Redump,Slam City with Scottie Pippen (Europe) (Disc 1) (Fingers),Slam City with Scottie Pippen,Slam City with Scottie Pippen,T-162035,1995.FEB,SEGA GENESIS,(C)T-162,GM,50,J,8
Redump,Slam City with Scottie Pippen (Europe) (Disc 1) (Fingers) (Mega-CD 32X),Slam City with Scottie Pippen,Slam City with Scottie Pippen,T-16204F,1995.FEB,SEGA 32X,(C)T-162,GM,50,J,8
Redump,Slam City with Scottie Pippen (Europe) (Disc 2) (Juice),Slam City with Scottie Pippen,Slam City with Scottie Pippen,T-162035,1995.FEB,SEGA GENESIS,(C)T-162,GM,50,J,8
Redump,Slam City with Scottie Pippen (Europe) (Disc 2) (Juice) (Mega-CD 32X),Slam City with Scottie Pippen,Slam City with Scottie Pippen,T-16204F,1995.FEB,SEGA 32X,(C)T-162,GM,50,J,8
Redump,Slam City with Scottie Pippen (Europe) (Disc 3) (Mad Dog),Slam City with Scottie Pippen,Slam City with Scottie Pippen,T-162035,1995.FEB,SEGA GENESIS,(C)T-162,GM,50,J,8
Redump,Slam City with Scottie Pippen (Europe) (Disc 3) (Mad Dog) (Mega-CD 32X),Slam City with Scottie Pippen,Slam City with Scottie Pippen,T-16204F,1995.FEB,SEGA 32X,(C)T-162,GM,50,J,8
Redump,Slam City with Scottie Pippen (Europe) (Disc 4) (Smash),Slam City with Scottie Pippen,Slam City with Scottie Pippen,T-162035,1995.FEB,SEGA GENESIS,(C)T-162,GM,50,J,8
Redump,Slam City with Scottie Pippen (Europe) (Disc 4) (Smash) (Mega-CD 32X),Slam City with Scottie Pippen,Slam City with Scottie Pippen,T-16204F,1995.FEB,SEGA 32X,(C)T-162,GM,50,J,8
Redump,Slam City with Scottie Pippen (USA) (Disc 1) (Fingers),Slam City with Scottie Pippen,Slam City with Scottie Pippen,T-162035,1994.NOV,SEGA GENESIS,(C)T-162,GM,0,J,U
Redump,Slam City with Scottie Pippen (USA) (Disc 1) (Fingers) (Sega CD 32X),Slam City with Scottie Pippen,Slam City with Scottie Pippen,T-16204F,1995.FEB,SEGA GENESIS,(C)T-162,GM,0,J,4
Redump,Slam City with Scottie Pippen (USA) (Disc 2) (Juice) (Sega CD 32X),Slam City with Scottie Pippen,Slam City with Scottie Pippen,T-16204F,1995.FEB,SEGA GENESIS,(C)T-162,GM,0,J,4
Redump,Slam City with Scottie Pippen (USA) (Disc 3) (Mad Dog),Slam City with Scottie Pippen,Slam City with Scottie Pippen,T-162035,1994.NOV,SEGA GENESIS,(C)T-162,GM,0,J,U
Redump,Slam City with Scottie Pippen (USA) (Disc 3) (Mad Dog) (Sega CD 32X),Slam City with Scottie Pippen,Slam City with Scottie Pippen,T-16204F,1995.FEB,SEGA GENESIS,(C)T-162,GM,0,J,4
Redump,Slam City with Scottie Pippen (USA) (Disc 4) (Smash) (RE-1),Slam City with Scottie Pippen,Slam City with Scottie Pippen,T-162035,1994.NOV,SEGA GENESIS,(C)T-162,GM,0,J,U
Redump,Slam City with Scottie Pippen (USA) (Disc 4) (Smash) (Sega CD 32X),Slam City with Scottie Pippen,Slam City with Scottie Pippen,T-16204F,1995.FEB,SEGA GENESIS,(C)T-162,GM,0,J,4
Redump,"Slam City with Scottie Pippen (USA, Brazil) (Disc 1) (Fingers) (RE-1)",Slam City with Scottie Pippen,Slam City with Scottie Pippen,T-162035,1994.NOV,SEGA GENESIS,(C)T-162,GM,0,J,U
Redump,"Slam City with Scottie Pippen (USA, Brazil) (Disc 2) (Juice) (RE-1)",Slam City with Scottie Pippen,Slam City with Scottie Pippen,T-162035,1994.NOV,SEGA GENESIS,(C)T-162,GM,0,J,U
Redump,"Slam City with Scottie Pippen (USA, Brazil) (Disc 3) (Mad Dog) (RE-1)",Slam City with Scottie Pippen,Slam City with Scottie Pippen,T-162035,1994.NOV,SEGA GENESIS,(C)T-162,GM,0,J,U
Redump,"Slam City with Scottie Pippen (USA, Brazil) (Disc 4) (Smash)",Slam City with Scottie Pippen,Slam City with Scottie Pippen,T-162035,1994.NOV,SEGA GENESIS,(C)T-162,GM,0,J,U
Redump,"Smurfs, The (Europe) (En,Fr,De,Es,It)",SMURFS,SMURFS,T-151015,1994.DEC,SEGA GENESIS,(C)T-151,GM,0,J,U
Redump,Snatcher (Europe),SNATCHER,SNATCHER,T-95035,1994.NOV,SEGA MEGA DRIVE,(C)T-95,GM,0,J,J
Redump,Snatcher (USA),SNATCHER,SNATCHER,T-95035,1994.OCT,SEGA GENESIS,(C)T-95,GM,0,J,J
Redump,"Software Toolworks' Star Wars Chess, The (Europe)",SEGA CD BEEF BOOT   SYSTEM BOO,SOFTWARE TOOLWORKS PRESENTS ST,T-158025,1994.JUN,SEGA MEGA DRIVE,(C)T-158,GM,0,J,E
Redump,"Software Toolworks' Star Wars Chess, The (USA)",SEGA CD BEEF BOOT   SYSTEM BOO,SOFTWARE TOOLWORKS PRESENTS ST,T-87035,1994.JUN,SEGA GENESIS,(C)T-87,GM,0,J,U
Redump,"Software Toolworks' Star Wars Chess, The (USA) (Alt)",SEGA CD BEEF BOOT   SYSTEM BOO,SOFTWARE TOOLWORKS PRESENTS ST,T-87035,1994.JUN,SEGA GENESIS,(C)T-87,GM,0,J,U
Redump,Sol-Feace (Europe),SOL-FEACE,SOL-FEACE,MK-4404,1992.OCT,SEGA MEGA DRIVE,(C)T-32,GM,,J,U
Redump,Sol-Feace (Europe) (Alt),SOL-FEACE,SOL-FEACE,MK-4404,1992.OCT,SEGA MEGA DRIVE,(C)T-32,GM,,J,U
Redump,Sol-Feace (Japan),ソルフィース,SOL-FEACE,T-32024,1991.DEC,SEGA MEGA DRIVE,(C)T-32,GM,1,J,J
Redump,Sol-Feace (USA) (RE),SOL-FEACE,SOL-FEACE,MK-4404,1992.OCT,SEGA MEGA DRIVE,(C)T-32,GM,,J,U
Redump,Sol-Feace (USA) (RE2),SOL-FEACE,SOL-FEACE,MK-4404,1992.OCT,SEGA MEGA DRIVE,(C)T-32,GM,,J,U
Redump,Sonic CD (Europe),SONIC THE HEDGEHOG-CD,SONIC THE HEDGEHOG-CD,MK-4407,1993.AUG,SEGA MEGA DRIVE,(C)SEGA,GM,0,J,E
Redump,Sonic CD (USA),SONIC THE HEDGEHOG-CD,SONIC THE HEDGEHOG-CD,MK-4407,1993.OCT,SEGA GENESIS,(C)SEGA,GM,0,J,U
Redump,Sonic CD (USA) (Alt),SONIC THE HEDGEHOG-CD,SONIC THE HEDGEHOG-CD,MK-4407,1993.OCT,SEGA GENESIS,(C)SEGA,GM,0,J,U
Redump,Sonic CD (USA) (RE125),SONIC THE HEDGEHOG-CD,SONIC THE HEDGEHOG-CD,MK-4407,1993.OCT,SEGA GENESIS,(C)SEGA,GM,0,J,U
Redump,Sonic CD (USA) (RE125) (Alt 1),SONIC THE HEDGEHOG-CD,SONIC THE HEDGEHOG-CD,MK-4407,1993.OCT,SEGA GENESIS,(C)SEGA,GM,0,J,U
Redump,Sonic CD (USA) (RE125) (Alt 2),SONIC THE HEDGEHOG-CD,SONIC THE HEDGEHOG-CD,MK-4407,1993.OCT,SEGA GENESIS,(C)SEGA,GM,0,J,U
Redump,Sonic the Hedgehog CD (Japan),SONIC THE HEDGEHOG-CD,SONIC THE HEDGEHOG-CD,G-6021,1993.AUG,SEGA MEGA DRIVE,(C)SEGA,GM,0,J,J
Redump,"SoulStar (Europe) (En,Fr,De)",SOULSTAR,SOULSTAR,T-115035,1994.OCT,SEGA MEGA DRIVE,(C)T-60,GM,0,J6,E
Redump,SoulStar (Japan),SOULSTAR,SOULSTAR,T-60184,1994.DEC,SEGA MEGA DRIVE,(C)T-60,GM,0,J6,J
Redump,SoulStar (USA),SOULSTAR,SOULSTAR,T-115035,1994.NOV,SEGA GENESIS,(C)T-115,GM,0,J6,U
Redump,Space Ace (USA),SPACE ACE,SPACE ACE,T-121025,,SEGA MEGADRIVE,(C)T-121,GM,0,J,U
Redump,"Space Adventure, The - Cobra - The Legendary Bandit (Europe)",THE SPACE ADVENTURE COBRA,THE SPACE ADVENTURE COBRA,T-143015,1995.MAY,SEGA MEGA DRIVE,(C)T-14,GM,50,J,E
Redump,"Space Adventure, The - Cobra - The Legendary Bandit (USA)",THE SPACE ADVENTURE COBRA,THE SPACE ADVENTURE COBRA,T-143015,1995.APR,SEGA GENESIS,(C)T-14,GM,0,J,U
Redump,Star Wars - Rebel Assault (Europe),REBEL ASSAULT,REBEL ASSAULT,T-60075,1994.MAY,SEGA MEGA DRIVE,(C)T-60,GM,0,J,E
Redump,Star Wars - Rebel Assault (Japan),REBEL ASSAULT,REBEL ASSAULT,T-60174,1994.AUG,SEGA MEGA DRIVE,(C)T-60,GM,0,J,J
Redump,Star Wars - Rebel Assault (USA),REBEL ASSAULT,REBEL ASSAULT,T-60075,1994.JUL,SEGA GENESIS,(C)T-60,GM,0,J,U
Redump,Star Wars - Rebel Assault (USA) (Limited Run Games),REBEL ASSAULT,REBEL ASSAULT,T-60075,1994.JUL,SEGA GENESIS,(C)T-60,GM,0,J,U
Redump,Starblade (Europe),STAR BLADE,STAR BLADE,T-14025,"1994,7",SEGA MEGA DRIVE,(C)T-14,GM,0,JMA,E
Redump,Starblade (Japan),STAR BLADE,STAR BLADE,T-14014,"1994,7",SEGA MEGA DRIVE,(C)T-14,GM,0,JMA,J
Redump,Starblade (USA),STAR BLADE,STAR BLADE,T-14025,"1994,7",SEGA GENESYS,(C)T-14,GM,0,JMA,U
Redump,Stellar-Fire (USA),STELLAR FIRE,STELLAR FIRE,T-110025,1993.OCT,SEGA GENESIS,(C)T-110,GM,0,J,U
Redump,Super Strike Trilogy (USA) (Unl),,,MK 0xxxx,93 FEB,SEGA GENESIS,(C)EA 19,GM,0,J,J
Redump,Supreme Warrior (Europe) (Disc 1),SUPREME WARRIOR,SUPREME WARRIOR,T-162045,1995.FEB,SEGA GENESIS,(C)T-162,GM,50,J6,8
Redump,Supreme Warrior (Europe) (Disc 1) (Mega-CD 32X),SUPREME WARRIOR,SUPREME WARRIOR,T-16203F,1995.FEB,SEGA 32X,(C)T-162,GM,50,J6,8
Redump,Supreme Warrior (Europe) (Disc 2),SUPREME WARRIOR,SUPREME WARRIOR,T-162045,1995.FEB,SEGA GENESIS,(C)T-162,GM,50,J6,8
Redump,Supreme Warrior (Europe) (Disc 2) (Mega-CD 32X),SUPREME WARRIOR,SUPREME WARRIOR,T-16203F,1995.FEB,SEGA 32X,(C)T-162,GM,50,J6,8
Redump,Supreme Warrior (USA) (Disc 1) (Fire & Earth),SUPREME WARRIOR,SUPREME WARRIOR,T-162045,1994.NOV,SEGA GENESIS,(C)T-162,GM,0,J6,U
Redump,Supreme Warrior (USA) (Disc 1) (Fire & Earth) (Alt),SUPREME WARRIOR,SUPREME WARRIOR,T-162045,1994.NOV,SEGA GENESIS,(C)T-162,GM,0,J6,U
Redump,Supreme Warrior (USA) (Disc 1) (Fire & Earth) (Sega CD 32X),SUPREME WARRIOR,SUPREME WARRIOR,T-16203F,1995.JAN,SEGA 32X,(C)T-162,GM,0,J6,U
Redump,Supreme Warrior (USA) (Disc 2) (Wind & Fang Tu),SUPREME WARRIOR,SUPREME WARRIOR,T-162045,1994.NOV,SEGA GENESIS,(C)T-162,GM,0,J6,U
Redump,Supreme Warrior (USA) (Disc 2) (Wind & Fang Tu) (Sega CD 32X),SUPREME WARRIOR,SUPREME WARRIOR,T-16203F,1995.JAN,SEGA 32X,(C)T-162,GM,0,J6,U
Redump,Surgical Strike (Brazil) (Sega CD 32X),SURGICAL STRIKE,SURGICAL STRIKE,MK-4435,1995.SEP,SEGA GENESIS,(C)SEGA,GM,0,J,U
Redump,Surgical Strike (Europe),SURGICAL STRIKE,SURGICAL STRIKE,MK-4435,1995.MAR,SEGA MEGA DRIVE,(C)SEGA,GM,0,J,8
Redump,Surgical Strike (Japan),SURGICAL STRIKE,SURGICAL STRIKE,G-6044,1995.NOV,SEGA MEGA DRIVE,(C)SEGA,GM,0,J,J
Redump,Surgical Strike (USA),SURGICAL STRIKE,SURGICAL STRIKE,MK-4435,1995.MAR,SEGA GENESIS,(C)SEGA,GM,0,J,4
Redump,Surgical Strike (USA) (Alt),SURGICAL STRIKE,SURGICAL STRIKE,MK-4435,1995.MAR,SEGA GENESIS,(C)SEGA,GM,0,J,4
Redump,Switch (Japan),SWITCH,SWITCH,T-6009,1993.MAR,SEGA MEGA DRIVE,(C)SEGA,GM,0,JM,J
Redump,"Syndicate (Europe) (En,Fr,De)",SYNDICATE PUBLISHED BY DOMARK,SYNDICATE PUBLISHED BY DOMARK,T-88065,1995.AUG,SEGA MEGADRIVE,(C)T-88,GM,5,J,E
Redump,Tenbu Mega CD Special (Japan),TENBU,TENBU,T-32084,1992.DEC,SEGA MEGA DRIVE,(C)T-32,GM,0,J,J
Redump,Tenkafubu - Eiyuutachi no Houkou (Japan),天下布武,,T-45024,1991.DEC,SEGA MEGA DRIVE,(C)T-45,GM,0,JC,J
Redump,"Terminator, The (Europe)",THE TERMINATOR,THE TERMINATOR,T-70015,1993.NOV,SEGA MEGA DRIVE,(C)T-70,GM,0,J,E
Redump,"Terminator, The (USA)",THE TERMINATOR,THE TERMINATOR,T-70015,1993.NOV,SEGA GENESIS,(C)T-70,GM,0,J,U
Redump,"Theme Park (Europe) (En,Fr,De,Es)",THEME PARK PUBLISHED BY DOMARK,THEME PARK PUBLISHED BY DOMARK,T-88055,1995_JUL,SEGA MEGADRIVE,(C)T-88,GM,5,J,E
Redump,Third World War (USA),THE 3RD WORLD WAR,THE 3RD WORLD WAR,T-22025,1993.DEC,SEGA GENESIS,(C)T-22,GM,0,J,U
Redump,Thunder Storm FX (Japan),THUNDER STORM,COBRA COMMAND,T-32064,1992.AUG,SEGA MEGA DRIVE,(C)T-32,GM,1,J,JUE
Redump,"Thunderhawk (Europe) (En,Fr,De,Es) (RE)",THUNDERHAWK,THUNDERHAWK,T-115015,1993.SEP,SEGA MEGA DRIVE,(C)T-07,GM,0,J,E
Redump,Thunderhawk (Japan),THUNDERHAWK,THUNDERHAWK,T-60134,1993.SEP,SEGA MEGA DRIVE,(C)T-07,GM,0,J,J
Redump,Time Gal (Europe),TIME GAL,TIME GAL,MK-4417,1993.APR,SEGA MEGA DRIVE,(C)T-32,GM,0,J,JE
Redump,Time Gal (Japan),TIME GAL,TIME GAL,T-32114,1992.SEP,SEGA MEGA DRIVE,(C)T-32,GM,1,J,J
Redump,Time Gal (USA),TIME GAL,TIME GAL,T-6214,1993.APR,SEGA GENESIS,(C)T-49,GM,0,J,JU
Redump,Tomcat Alley (Australia),TOMCAT ALLEY,TOMCAT ALLEY,MK-4428,1994.MAR,SEGA MEGA DRIVE,(C)SEGA,GM,0,J,E
Redump,Tomcat Alley (Europe),TOMCAT ALLEY,TOMCAT ALLEY,MK-4428,1994.MAR,SEGA MEGA DRIVE,(C)SEGA,GM,0,J,E
Redump,Tomcat Alley (France),TOMCAT ALLEY FRENCH,TOMCAT ALLEY FRENCH,MK-00442,1995.MAR,SEGA MEGA DRIVE,(C)SEGA,GM,0,J,8
Redump,Tomcat Alley (Germany),TOMCAT ALLEY GERMAN,TOMCAT ALLEY GERMAN,MK-00442,1995.MAR,SEGA MEGA DRIVE,(C)SEGA,GM,0,J,8
Redump,Tomcat Alley (Japan),TOMCAT ALLEY,TOMCAT ALLEY,G-006039,1994.OCT,SEGA MEGA DRIVE,(C)SEGA,GM,0,J,J
Redump,Tomcat Alley (Spain),TOMCAT ALLEY SPANISH,TOMCAT ALLEY SPANISH,MK-00442,1995.MAR,SEGA MEGA DRIVE,(C)SEGA,GM,0,J,8
Redump,Tomcat Alley (USA),TOMCAT ALLEY,TOMCAT ALLEY,MK-4428,1994.MAR,SEGA GENESIS,(C)SEGA,GM,0,J,U
Redump,Tomcat Alley (USA) (Alt),TOMCAT ALLEY,TOMCAT ALLEY,MK-4428,1994.MAR,SEGA GENESIS,(C)SEGA,GM,0,J,U
Redump,Trivial Pursuit (USA),TRIVIAL PURSUIT,TRIVIAL PURSUIT,T-89015,1994.SEP,SEGA GENESIS,(C)T-89,GM,0,J,U
Redump,Ultraverse Prime (USA),PRIME,PRIME,T-93325,1994.DEC,SEGA GENESIS,(C)T-93,GM,0,J,U
Redump,Urusei Yatsura - Dear My Friends (Japan),URUSEI-YATSURA,URUSEI-YATSURA,T-45064,64  1994,SEGA MEGA DRIVE,(C)T-450,GM,0,J6M,J
Redump,Vay - Ryuusei no Yoroi (Japan),VAY,,44014,1993.SEP,SEGA MEGA DRIVE,(C)SIMS,GM,0,J,J
Redump,Vay (USA),VAY,VAY,T-127025,94.JUN,SEGA GENESIS,T-127 19,GM,0,J,U
Redump,Wakusei Woodstock - Funky Horror Band (Japan),SAMPLE INITIAL PROGRAM BY SEGA,SAMPLE INITIAL PROGRAM BY SEGA,0,1991.AUG,SEGA MEGA DRIVE,(C)SEGA,XX,0,J,J
Redump,Warau Salesman (Japan),WARAU SALESMAN,WARAU SALESMAN,G-6006,1993.AUG,SEGA MEGA DRIVE,(C)SEGA,GM,0,JM,J
Redump,What Is X'Eye Multi Entertainment System (USA),WONDER-MEGA DEMO,WONDER-MEGA DEMO,T-60114,1993.DEC,SEGA MEGA DRIVE,(C)T-60,GM,0,J6,U
Redump,Wheel of Fortune (USA),WHEEL OF FORTUNE,WHEEL OF FORTUNE,T-93085,1994.DEC,SEGA GENESIS,(C)T-93,GM,0,J4,U
Redump,Who Shot Johnny Rock (USA),WHO SHOT JOHNNY ROCK?,WHO SHOT JOHNNY ROCK?,T-111045,1994.JUL,SEGA GENESIS,(C)T-111,GM,0,JMG,U
Redump,Wild Woody (USA),WILD WOODY,WILD WOODY,MK-4440,1995.JUN,SEGA GENESIS,(C)SEGA,GM,0,J,U
Redump,Wing Commander (Japan),WING COMMANDER,WING COMMANDER,G-6011,ERPRISES,SEGA MEGA DRIVE,SEGA ENT,GM,0,J6,J
Redump,Wing Commander (USA),WING COMMANDER,WING COMMANDER,T-50045,1994.FEB,SEGA GENESIS,(C)T-50,GM,0,J6,U
Redump,Winning Post (Japan),WinningPost     ECTION,ECTION,T-76044,1993.JUL,SEGA MEGA DRIVE,(C)T-76,GM,0,J,J
Redump,WireHead (USA),WIREHEAD,WIREHEAD,MK-4437,1995.SEP,SEGA GENESIS,(C)SEGA,GM,0,J,U
Redump,Wolfchild (Europe),WOLFCHILD,WOLFCHILD,T-6403-0,1991.AUG,SEGA MEGA DRIVE,(C)SEGA,GM,,J,E
Redump,Wolfchild (Japan),WOLFCHILD,WOLFCHILD,T-60104,1991.AUG,SEGA MEGA DRIVE,(C)SEGA,GM,0,J,J
Redump,Wolfchild (USA),WOLFCHILD,WOLFCHILD,T-6403-0,1992.DEC,SEGA GENESIS,(C)T-98,GM,,J,U
Redump,Wonder Dog (Europe),WONDERDOG,WONDERDOG,4423-00,1993.JAN,SEGA MEGA DRIVE,(C)T-98,MK-,,J,E
Redump,Wonder Dog (Japan),WONDERDOG,WONDERDOG,T-60074,1992.JUL,SEGA MEGA DRIVE,(C)SEGA,GM,0,J,J
Redump,Wonder Dog (USA) (RE),WONDERDOG,WONDERDOG,T-6402,1992.DEC,SEGA GENESIS,(C)T-98,GM,,J,U
Redump,WonderMega Collection (Japan) (Rev 2),WONDER-MEGA COLLECTION,WONDER-MEGA COLLECTION,T-60064,1992.APR,SEGA MEGA DRIVE,(C)SEGA,GM,10,J,J
Redump,"World Cup USA '94 (Europe) (En,Fr,De,Es,It,Nl,Pt,Sv)",WORLD CUP USA'94,WORLD CUP USA'94,T-79025,1994.JUN,SEGA MEGADRIVE,(C)T-79,GM,0,J4,E
Redump,"World Cup USA '94 (USA) (En,Fr,De,Es,It,Nl,Pt,Sv)",WORLD CUP USA'94,WORLD CUP USA'94,T-79025,1994.JUN,SEGA GENESIS,(C)T-79,GM,0,J4,U
Redump,WWF - Rage in the Cage (Europe),WWF RAGE IN THE CAGE,WWF RAGE IN THE CAGE,T-81015,1993.NOV,SEGA MEGA DRIVE,(C)T-81,GM,0,J6,E
Redump,WWF - Rage in the Cage (USA),WWF RAGE IN THE CAGE,WWF RAGE IN THE CAGE,T-81015,1993.NOV,SEGA GENESIS,(C)T-81,GM,0,J6,U
Redump,WWF Mania Tour - WWF - Rage in the Cage (Japan),WWF RAGE IN THE CAGE,WWF RAGE IN THE CAGE,T-81015,1993.NOV,SEGA MEGA DRIVE,(C)T-81,GM,0,J6,J
Redump,Yumemi Mystery Mansion (Australia),YUMEMI MISTERY MANSION,YUMEMI MISTERY MANSION,MK- 4430,1994.FEB,SEGA MEGA DRIVE,(C)SEGA,GM,-,JM,E
Redump,Yumemi Mystery Mansion (Europe) (Made in EU),YUMEMI MISTERY MANSION,YUMEMI MISTERY MANSION,MK- 4430,1994.FEB,SEGA MEGA DRIVE,(C)SEGA,GM,-,JM,E
Redump,Yumemi Mystery Mansion (Europe) (Made in Japan),YUMEMI MISTERY MANSION,YUMEMI MISTERY MANSION,MK- 4430,1994.FEB,SEGA MEGA DRIVE,(C)SEGA,GM,-,JM,E
Redump,Yumemi Yakata no Monogatari (Japan),YUMEMIYAKATA NO MONOGATARI,YUMEMIYAKATA NO MONOGATARI,G-6027,1993.SEP,SEGA MEGA DRIVE,(C)SEGA,GM,0,JM,J
Redump,Yumimi Mix (Japan),ゆみみみっくす,,T-45034,1992.DEC,SEGA MEGA DRIVE,(C)T-45,GM,0,J,J
